{"version":"1.2","map_chara":{"lanys":1},"name":"Lanys","game_type":"adv","size_type":"99","width":"1366","height":"768","vertical":false,"check_title":"no","check_menu":"no","message_window":{"use_image":false,"image_file":"","msg_width":"1300","msg_height":"300","msg_top":"500","msg_left":"10","margint":"50","marginl":"10","marginr":"20","marginb":"10","vertical":false,"color":"","opacity":"129","window_color":"0x000000","chara_name_color":"0x67d9f5","chara_name_size":"40","chara_name_x":"30","chara_name_y":"510","chara_name_bold":"bold","game_type":"adv","check_chara_mode":true,"text_chara_mod_time":"10","check_memory_chara_face":false,"check_chara_anim":true,"select_chara_anim_mode":"","icon_position_x":"0","icon_position_y":"0","icon_position_fix":false}}